{"v":"5.7.4","fr":60,"ip":0,"op":70,"w":100,"h":100,"nm":"Purchase_Flow_Loading_EXPORT","ddd":0,"assets":[],"layers":[{"ddd":0,"ind":1,"ty":4,"nm":"ring base 2","sr":1,"ks":{"o":{"a":0,"k":100,"ix":11},"r":{"a":0,"k":0,"ix":10},"p":{"a":0,"k":[50,50,0],"ix":2,"l":2},"a":{"a":0,"k":[0,0,0],"ix":1,"l":2},"s":{"a":0,"k":[351.147,351.147,100],"ix":6,"l":2}},"ao":0,"shapes":[{"ty":"gr","it":[{"ind":0,"ty":"sh","ix":1,"ks":{"a":0,"k":{"i":[[-5.247,0],[0,5.247],[5.247,0],[0,-5.247]],"o":[[5.247,0],[0,-5.247],[-5.247,0],[0,5.247]],"v":[[0,9.5],[9.5,0],[0,-9.5],[-9.5,0]],"c":true},"ix":2},"nm":"Path 1","mn":"ADBE Vector Shape - Group","hd":false},{"ty":"st","c":{"a":0,"k":[0.16862745098,0.439215716194,0.788235353956,1],"ix":3},"o":{"a":0,"k":100,"ix":4},"w":{"a":0,"k":4,"ix":5},"lc":2,"lj":2,"bm":0,"nm":"Stroke 1","mn":"ADBE Vector Graphic - Stroke","hd":false},{"ty":"tr","p":{"a":0,"k":[0,0],"ix":2},"a":{"a":0,"k":[0,0],"ix":1},"s":{"a":0,"k":[100,100],"ix":3},"r":{"a":0,"k":0,"ix":6},"o":{"a":0,"k":100,"ix":7},"sk":{"a":0,"k":0,"ix":4},"sa":{"a":0,"k":0,"ix":5},"nm":"Transform"}],"nm":"ring base","np":2,"cix":2,"bm":0,"ix":1,"mn":"ADBE Vector Group","hd":false},{"ty":"tm","s":{"a":0,"k":0,"ix":1},"e":{"a":1,"k":[{"i":{"x":[0.875],"y":[-0.131]},"o":{"x":[0.429],"y":[0]},"t":0,"s":[1]},{"i":{"x":[0.667],"y":[1]},"o":{"x":[0.541],"y":[0.516]},"t":34,"s":[14.91]},{"i":{"x":[0.26],"y":[1]},"o":{"x":[0.238],"y":[0.002]},"t":41,"s":[42]},{"t":70,"s":[1]}],"ix":2},"o":{"a":1,"k":[{"i":{"x":[0.756],"y":[0.383]},"o":{"x":[0.437],"y":[0]},"t":0,"s":[-182]},{"i":{"x":[0.613],"y":[0.819]},"o":{"x":[0.564],"y":[0.14]},"t":25,"s":[-217.449]},{"i":{"x":[0.533],"y":[1]},"o":{"x":[0.226],"y":[0.785]},"t":44,"s":[-491.566]},{"t":70,"s":[-542]}],"ix":3},"m":1,"ix":2,"nm":"Trim Paths 1","mn":"ADBE Vector Filter - Trim","hd":false}],"ip":0,"op":300,"st":0,"bm":0},{"ddd":0,"ind":2,"ty":4,"nm":"ring base 3","sr":1,"ks":{"o":{"a":0,"k":100,"ix":11},"r":{"a":0,"k":0,"ix":10},"p":{"a":0,"k":[50,50,0],"ix":2,"l":2},"a":{"a":0,"k":[0,0,0],"ix":1,"l":2},"s":{"a":0,"k":[351.147,351.147,100],"ix":6,"l":2}},"ao":0,"shapes":[{"ty":"gr","it":[{"ind":0,"ty":"sh","ix":1,"ks":{"a":0,"k":{"i":[[-5.247,0],[0,5.247],[5.247,0],[0,-5.247]],"o":[[5.247,0],[0,-5.247],[-5.247,0],[0,5.247]],"v":[[0,9.5],[9.5,0],[0,-9.5],[-9.5,0]],"c":true},"ix":2},"nm":"Path 1","mn":"ADBE Vector Shape - Group","hd":false},{"ty":"st","c":{"a":0,"k":[1,1,1,1],"ix":3},"o":{"a":0,"k":100,"ix":4},"w":{"a":0,"k":6,"ix":5},"lc":2,"lj":2,"bm":0,"nm":"Stroke 1","mn":"ADBE Vector Graphic - Stroke","hd":false},{"ty":"tr","p":{"a":0,"k":[0,0],"ix":2},"a":{"a":0,"k":[0,0],"ix":1},"s":{"a":0,"k":[100,100],"ix":3},"r":{"a":0,"k":0,"ix":6},"o":{"a":0,"k":100,"ix":7},"sk":{"a":0,"k":0,"ix":4},"sa":{"a":0,"k":0,"ix":5},"nm":"Transform"}],"nm":"ring base","np":2,"cix":2,"bm":0,"ix":1,"mn":"ADBE Vector Group","hd":false},{"ty":"tm","s":{"a":0,"k":0,"ix":1},"e":{"a":1,"k":[{"i":{"x":[0.875],"y":[-0.131]},"o":{"x":[0.429],"y":[0]},"t":0,"s":[1]},{"i":{"x":[0.667],"y":[1]},"o":{"x":[0.541],"y":[0.516]},"t":34,"s":[14.91]},{"i":{"x":[0.26],"y":[1]},"o":{"x":[0.238],"y":[0.002]},"t":41,"s":[42]},{"t":70,"s":[1]}],"ix":2},"o":{"a":1,"k":[{"i":{"x":[0.756],"y":[0.383]},"o":{"x":[0.437],"y":[0]},"t":0,"s":[-182]},{"i":{"x":[0.613],"y":[0.819]},"o":{"x":[0.564],"y":[0.14]},"t":25,"s":[-217.449]},{"i":{"x":[0.533],"y":[1]},"o":{"x":[0.226],"y":[0.785]},"t":44,"s":[-491.566]},{"t":70,"s":[-542]}],"ix":3},"m":1,"ix":2,"nm":"Trim Paths 1","mn":"ADBE Vector Filter - Trim","hd":false}],"ip":0,"op":300,"st":0,"bm":0},{"ddd":0,"ind":5,"ty":4,"nm":"ring base","sr":1,"ks":{"o":{"a":0,"k":100,"ix":11},"r":{"a":0,"k":0,"ix":10},"p":{"a":0,"k":[50,50,0],"ix":2,"l":2},"a":{"a":0,"k":[0,0,0],"ix":1,"l":2},"s":{"a":0,"k":[351.147,351.147,100],"ix":6,"l":2}},"ao":0,"shapes":[{"ty":"gr","it":[{"ind":0,"ty":"sh","ix":1,"ks":{"a":0,"k":{"i":[[-5.247,0],[0,5.247],[5.247,0],[0,-5.247]],"o":[[5.247,0],[0,-5.247],[-5.247,0],[0,5.247]],"v":[[0,9.5],[9.5,0],[0,-9.5],[-9.5,0]],"c":true},"ix":2},"nm":"Path 1","mn":"ADBE Vector Shape - Group","hd":false},{"ty":"st","c":{"a":0,"k":[0.898039221764,0.898039221764,0.898039221764,1],"ix":3},"o":{"a":0,"k":100,"ix":4},"w":{"a":0,"k":4,"ix":5},"lc":1,"lj":1,"ml":4,"bm":0,"nm":"Stroke 1","mn":"ADBE Vector Graphic - Stroke","hd":false},{"ty":"tr","p":{"a":0,"k":[0,0],"ix":2},"a":{"a":0,"k":[0,0],"ix":1},"s":{"a":0,"k":[100,100],"ix":3},"r":{"a":0,"k":0,"ix":6},"o":{"a":0,"k":100,"ix":7},"sk":{"a":0,"k":0,"ix":4},"sa":{"a":0,"k":0,"ix":5},"nm":"Transform"}],"nm":"ring base","np":2,"cix":2,"bm":0,"ix":1,"mn":"ADBE Vector Group","hd":false}],"ip":0,"op":300,"st":0,"bm":0}],"markers":[]}
