{"v":"5.7.4","fr":25,"ip":0,"op":275,"w":500,"h":500,"nm":"Comp 1","ddd":0,"assets":[],"fonts":{"list":[{"fName":"Bahnschrift","fFamily":"Bahnschrift","fStyle":"Regular","ascent":70.99609375}]},"layers":[{"ddd":0,"ind":1,"ty":5,"nm":"0% ","sr":1,"ks":{"o":{"a":0,"k":100,"ix":11},"r":{"a":0,"k":0,"ix":10},"p":{"a":1,"k":[{"i":{"x":0.833,"y":0.833},"o":{"x":0.167,"y":0.167},"t":0,"s":[291.772,250,0],"to":[-0.403,0,0],"ti":[0.664,0,0]},{"i":{"x":0.833,"y":0.833},"o":{"x":0.167,"y":0.167},"t":2.5,"s":[304.199,250,0],"to":[-0.645,0,0],"ti":[1.593,0,0]},{"i":{"x":0.833,"y":0.833},"o":{"x":0.167,"y":0.167},"t":5,"s":[294.507,250,0],"to":[-0.723,0,0],"ti":[0.736,0,0]},{"i":{"x":0.833,"y":0.833},"o":{"x":0.167,"y":0.167},"t":7.5,"s":[294.385,250,0],"to":[-0.792,0,0],"ti":[0.847,0,0]},{"i":{"x":0.833,"y":0.833},"o":{"x":0.167,"y":0.167},"t":10,"s":[291.406,250,0],"to":[-0.797,0,0],"ti":[0.802,0,0]},{"i":{"x":0.833,"y":0.833},"o":{"x":0.167,"y":0.167},"t":12.5,"s":[292.139,250,0],"to":[-0.917,0,0],"ti":[1.05,0,0]},{"i":{"x":0.833,"y":0.833},"o":{"x":0.167,"y":0.167},"t":15,"s":[294.434,250,0],"to":[-1.141,0,0],"ti":[1.601,0,0]},{"i":{"x":0.833,"y":0.833},"o":{"x":0.167,"y":0.167},"t":17.5,"s":[295.166,250,0],"to":[-1.521,0,0],"ti":[2.166,0,0]},{"i":{"x":0.833,"y":0.833},"o":{"x":0.167,"y":0.167},"t":20,"s":[291.602,250,0],"to":[-2.079,0,0],"ti":[2.364,0,0]},{"i":{"x":0.833,"y":0.833},"o":{"x":0.167,"y":0.167},"t":22.5,"s":[294.434,250,0],"to":[-3.937,0,0],"ti":[0.556,0,0]},{"i":{"x":0.833,"y":0.833},"o":{"x":0.167,"y":0.167},"t":25,"s":[276.611,250,0],"to":[-0.321,0,0],"ti":[0.317,0,0]},{"i":{"x":0.833,"y":0.833},"o":{"x":0.167,"y":0.167},"t":27.5,"s":[287.573,250,0],"to":[-0.555,0,0],"ti":[0.975,0,0]},{"i":{"x":0.833,"y":0.833},"o":{"x":0.167,"y":0.167},"t":30,"s":[278.369,250,0],"to":[-0.478,0,0],"ti":[0.46,0,0]},{"i":{"x":0.833,"y":0.833},"o":{"x":0.167,"y":0.167},"t":32.5,"s":[277.759,250,0],"to":[-0.507,0,0],"ti":[0.497,0,0]},{"i":{"x":0.833,"y":0.833},"o":{"x":0.167,"y":0.167},"t":35,"s":[275.757,250,0],"to":[-0.495,0,0],"ti":[0.468,0,0]},{"i":{"x":0.833,"y":0.833},"o":{"x":0.167,"y":0.167},"t":37.5,"s":[276.978,250,0],"to":[-0.598,0,0],"ti":[0.664,0,0]},{"i":{"x":0.833,"y":0.833},"o":{"x":0.167,"y":0.167},"t":40,"s":[278.54,250,0],"to":[-0.749,0,0],"ti":[1.019,0,0]},{"i":{"x":0.833,"y":0.833},"o":{"x":0.167,"y":0.167},"t":42.5,"s":[279.028,250,0],"to":[-0.997,0,0],"ti":[1.394,0,0]},{"i":{"x":0.833,"y":0.833},"o":{"x":0.167,"y":0.167},"t":45,"s":[276.074,250,0],"to":[-1.338,0,0],"ti":[1.404,0,0]},{"i":{"x":0.833,"y":0.833},"o":{"x":0.167,"y":0.167},"t":47.5,"s":[278.54,250,0],"to":[-2.474,0,0],"ti":[0.285,0,0]},{"i":{"x":0.833,"y":0.833},"o":{"x":0.167,"y":0.167},"t":50,"s":[266.919,250,0],"to":[-0.055,0,0],"ti":[0.047,0,0]},{"i":{"x":0.833,"y":0.833},"o":{"x":0.167,"y":0.167},"t":52.5,"s":[277.881,250,0],"to":[-0.236,0,0],"ti":[0.632,0,0]},{"i":{"x":0.833,"y":0.833},"o":{"x":0.167,"y":0.167},"t":55,"s":[268.677,250,0],"to":[-0.093,0,0],"ti":[0.084,0,0]},{"i":{"x":0.833,"y":0.833},"o":{"x":0.167,"y":0.167},"t":57.5,"s":[268.066,250,0],"to":[-0.095,0,0],"ti":[0.084,0,0]},{"i":{"x":0.833,"y":0.833},"o":{"x":0.167,"y":0.167},"t":60,"s":[267.529,250,0],"to":[-0.105,0,0],"ti":[0.087,0,0]},{"i":{"x":0.833,"y":0.833},"o":{"x":0.167,"y":0.167},"t":62.5,"s":[267.285,250,0],"to":[-0.109,0,0],"ti":[0.085,0,0]},{"i":{"x":0.833,"y":0.833},"o":{"x":0.167,"y":0.167},"t":65,"s":[270.313,250,0],"to":[-0.257,0,0],"ti":[0.29,0,0]},{"i":{"x":0.833,"y":0.833},"o":{"x":0.167,"y":0.167},"t":67.5,"s":[269.336,250,0],"to":[-0.276,0,0],"ti":[0.261,0,0]},{"i":{"x":0.833,"y":0.833},"o":{"x":0.167,"y":0.167},"t":70,"s":[266.382,250,0],"to":[-0.32,0,0],"ti":[-0.135,0,0]},{"i":{"x":0.833,"y":0.833},"o":{"x":0.167,"y":0.167},"t":72.5,"s":[268.848,250,0],"to":[0.213,0,0],"ti":[0.128,0,0]},{"i":{"x":0.833,"y":0.833},"o":{"x":0.167,"y":0.167},"t":75,"s":[266.797,250,0],"to":[-0.075,0,0],"ti":[0.131,0,0]},{"i":{"x":0.833,"y":0.833},"o":{"x":0.167,"y":0.167},"t":77.5,"s":[277.759,250,0],"to":[-0.166,0,0],"ti":[1.035,0,0]},{"i":{"x":0.833,"y":0.833},"o":{"x":0.167,"y":0.167},"t":80,"s":[268.555,250,0],"to":[-0.207,0,0],"ti":[0.189,0,0]},{"i":{"x":0.833,"y":0.833},"o":{"x":0.167,"y":0.167},"t":82.5,"s":[267.944,250,0],"to":[-0.208,0,0],"ti":[0.187,0,0]},{"i":{"x":0.833,"y":0.833},"o":{"x":0.167,"y":0.167},"t":85,"s":[265.942,250,0],"to":[-0.127,0,0],"ti":[0.112,0,0]},{"i":{"x":0.833,"y":0.833},"o":{"x":0.167,"y":0.167},"t":87.5,"s":[267.163,250,0],"to":[-0.238,0,0],"ti":[0.207,0,0]},{"i":{"x":0.833,"y":0.833},"o":{"x":0.167,"y":0.167},"t":90,"s":[268.726,250,0],"to":[-0.346,0,0],"ti":[0.399,0,0]},{"i":{"x":0.833,"y":0.833},"o":{"x":0.167,"y":0.167},"t":92.5,"s":[269.214,250,0],"to":[-0.448,0,0],"ti":[0.61,0,0]},{"i":{"x":0.833,"y":0.833},"o":{"x":0.167,"y":0.167},"t":95,"s":[266.26,250,0],"to":[-0.486,0,0],"ti":[0.324,0,0]},{"i":{"x":0.833,"y":0.833},"o":{"x":0.167,"y":0.167},"t":97.5,"s":[268.726,250,0],"to":[-0.807,0,0],"ti":[0.081,0,0]},{"i":{"x":0.833,"y":0.833},"o":{"x":0.167,"y":0.167},"t":100,"s":[263.818,250,0],"to":[-0.035,0,0],"ti":[0.019,0,0]},{"i":{"x":0.833,"y":0.833},"o":{"x":0.167,"y":0.167},"t":102.5,"s":[276.001,250,0],"to":[-0.043,0,0],"ti":[1.045,0,0]},{"i":{"x":0.833,"y":0.833},"o":{"x":0.167,"y":0.167},"t":105,"s":[265.576,250,0],"to":[-0.136,0,0],"ti":[0.119,0,0]},{"i":{"x":0.833,"y":0.833},"o":{"x":0.167,"y":0.167},"t":107.5,"s":[264.966,250,0],"to":[-0.153,0,0],"ti":[0.125,0,0]},{"i":{"x":0.833,"y":0.833},"o":{"x":0.167,"y":0.167},"t":110,"s":[262.964,250,0],"to":[-0.255,0,0],"ti":[0.112,0,0]},{"i":{"x":0.833,"y":0.833},"o":{"x":0.167,"y":0.167},"t":112.5,"s":[264.185,250,0],"to":[-0.108,0,0],"ti":[0.054,0,0]},{"i":{"x":0.833,"y":0.833},"o":{"x":0.167,"y":0.167},"t":115,"s":[265.747,250,0],"to":[-0.088,0,0],"ti":[0.145,0,0]},{"i":{"x":0.833,"y":0.833},"o":{"x":0.167,"y":0.167},"t":117.5,"s":[266.235,250,0],"to":[-0.133,0,0],"ti":[0.24,0,0]},{"i":{"x":0.833,"y":0.833},"o":{"x":0.167,"y":0.167},"t":120,"s":[263.281,250,0],"to":[-0.244,0,0],"ti":[-0.298,0,0]},{"i":{"x":0.833,"y":0.833},"o":{"x":0.167,"y":0.167},"t":122.5,"s":[265.747,250,0],"to":[0.385,0,0],"ti":[-0.072,0,0]},{"i":{"x":0.833,"y":0.833},"o":{"x":0.167,"y":0.167},"t":125,"s":[264.551,250,0],"to":[0.066,0,0],"ti":[-0.09,0,0]},{"i":{"x":0.833,"y":0.833},"o":{"x":0.167,"y":0.167},"t":127.5,"s":[275.513,250,0],"to":[0.134,0,0],"ti":[0.679,0,0]},{"i":{"x":0.833,"y":0.833},"o":{"x":0.167,"y":0.167},"t":130,"s":[266.309,250,0],"to":[-0.155,0,0],"ti":[0.114,0,0]},{"i":{"x":0.833,"y":0.833},"o":{"x":0.167,"y":0.167},"t":132.5,"s":[265.698,250,0],"to":[-0.157,0,0],"ti":[0.085,0,0]},{"i":{"x":0.833,"y":0.833},"o":{"x":0.167,"y":0.167},"t":135,"s":[263.696,250,0],"to":[-0.254,0,0],"ti":[-0.413,0,0]},{"i":{"x":0.833,"y":0.833},"o":{"x":0.167,"y":0.167},"t":140,"s":[266.48,250,0],"to":[0.063,0,0],"ti":[-0.047,0,0]},{"i":{"x":0.833,"y":0.833},"o":{"x":0.167,"y":0.167},"t":142.5,"s":[266.968,250,0],"to":[0.124,0,0],"ti":[-0.018,0,0]},{"i":{"x":0.833,"y":0.833},"o":{"x":0.167,"y":0.167},"t":145,"s":[264.014,250,0],"to":[0.036,0,0],"ti":[-0.697,0,0]},{"i":{"x":0.833,"y":0.833},"o":{"x":0.167,"y":0.167},"t":147.5,"s":[266.48,250,0],"to":[0.667,0,0],"ti":[-0.069,0,0]},{"i":{"x":0.833,"y":0.833},"o":{"x":0.167,"y":0.167},"t":150,"s":[266.846,250,0],"to":[0.037,0,0],"ti":[-0.039,0,0]},{"i":{"x":0.833,"y":0.833},"o":{"x":0.167,"y":0.167},"t":152.5,"s":[277.808,250,0],"to":[0.117,0,0],"ti":[0.846,0,0]},{"i":{"x":0.833,"y":0.833},"o":{"x":0.167,"y":0.167},"t":155,"s":[268.604,250,0],"to":[-0.088,0,0],"ti":[0.078,0,0]},{"i":{"x":0.833,"y":0.833},"o":{"x":0.167,"y":0.167},"t":157.5,"s":[267.993,250,0],"to":[-0.105,0,0],"ti":[0.086,0,0]},{"i":{"x":0.833,"y":0.833},"o":{"x":0.167,"y":0.167},"t":160,"s":[265.991,250,0],"to":[-0.203,0,0],"ti":[0.077,0,0]},{"i":{"x":0.833,"y":0.833},"o":{"x":0.167,"y":0.167},"t":162.5,"s":[267.212,250,0],"to":[-0.077,0,0],"ti":[0.025,0,0]},{"i":{"x":0.833,"y":0.833},"o":{"x":0.167,"y":0.167},"t":165,"s":[268.774,250,0],"to":[-0.056,0,0],"ti":[0.148,0,0]},{"i":{"x":0.833,"y":0.833},"o":{"x":0.167,"y":0.167},"t":167.5,"s":[269.263,250,0],"to":[-0.103,0,0],"ti":[0.239,0,0]},{"i":{"x":0.833,"y":0.833},"o":{"x":0.167,"y":0.167},"t":170,"s":[266.309,250,0],"to":[-0.195,0,0],"ti":[-0.307,0,0]},{"i":{"x":0.833,"y":0.833},"o":{"x":0.167,"y":0.167},"t":172.5,"s":[268.774,250,0],"to":[0.417,0,0],"ti":[0.06,0,0]},{"i":{"x":0.833,"y":0.833},"o":{"x":0.167,"y":0.167},"t":175,"s":[267.578,250,0],"to":[-0.073,0,0],"ti":[0.173,0,0]},{"i":{"x":0.833,"y":0.833},"o":{"x":0.167,"y":0.167},"t":177.5,"s":[278.54,250,0],"to":[-0.193,0,0],"ti":[1.019,0,0]},{"i":{"x":0.833,"y":0.833},"o":{"x":0.167,"y":0.167},"t":180,"s":[269.336,250,0],"to":[-0.229,0,0],"ti":[0.212,0,0]},{"i":{"x":0.833,"y":0.833},"o":{"x":0.167,"y":0.167},"t":182.5,"s":[268.726,250,0],"to":[-0.233,0,0],"ti":[0.213,0,0]},{"i":{"x":0.833,"y":0.833},"o":{"x":0.167,"y":0.167},"t":185,"s":[268.677,250,0],"to":[-0.264,0,0],"ti":[0.243,0,0]},{"i":{"x":0.833,"y":0.833},"o":{"x":0.167,"y":0.167},"t":187.5,"s":[267.944,250,0],"to":[-0.268,0,0],"ti":[0.242,0,0]},{"i":{"x":0.833,"y":0.833},"o":{"x":0.167,"y":0.167},"t":190,"s":[271.46,250,0],"to":[-0.432,0,0],"ti":[0.666,0,0]},{"i":{"x":0.833,"y":0.833},"o":{"x":0.167,"y":0.167},"t":192.5,"s":[269.995,250,0],"to":[-0.563,0,0],"ti":[0.63,0,0]},{"i":{"x":0.833,"y":0.833},"o":{"x":0.167,"y":0.167},"t":195,"s":[267.041,250,0],"to":[-0.578,0,0],"ti":[0.407,0,0]},{"i":{"x":0.833,"y":0.833},"o":{"x":0.167,"y":0.167},"t":197.5,"s":[269.507,250,0],"to":[-1.033,0,0],"ti":[0.025,0,0]},{"i":{"x":0.833,"y":0.833},"o":{"x":0.167,"y":0.167},"t":200,"s":[264.014,250,0],"to":[-0.02,0,0],"ti":[-0.213,0,0]},{"i":{"x":0.833,"y":0.833},"o":{"x":0.167,"y":0.167},"t":202.5,"s":[274.976,250,0],"to":[0.229,0,0],"ti":[0.383,0,0]},{"i":{"x":0.833,"y":0.833},"o":{"x":0.167,"y":0.167},"t":205,"s":[265.771,250,0],"to":[-0.129,0,0],"ti":[0.049,0,0]},{"i":{"x":0.833,"y":0.833},"o":{"x":0.167,"y":0.167},"t":207.5,"s":[265.161,250,0],"to":[-0.099,0,0],"ti":[-0.159,0,0]},{"i":{"x":0.833,"y":0.833},"o":{"x":0.167,"y":0.167},"t":210,"s":[263.159,250,0],"to":[0.145,0,0],"ti":[-0.417,0,0]},{"i":{"x":0.833,"y":0.833},"o":{"x":0.167,"y":0.167},"t":212.5,"s":[264.38,250,0],"to":[0.206,0,0],"ti":[-0.22,0,0]},{"i":{"x":0.833,"y":0.833},"o":{"x":0.167,"y":0.167},"t":215,"s":[265.942,250,0],"to":[0.175,0,0],"ti":[-0.14,0,0]},{"i":{"x":0.833,"y":0.833},"o":{"x":0.167,"y":0.167},"t":217.5,"s":[266.431,250,0],"to":[0.194,0,0],"ti":[-0.124,0,0]},{"i":{"x":0.833,"y":0.833},"o":{"x":0.167,"y":0.167},"t":220,"s":[263.477,250,0],"to":[0.211,0,0],"ti":[-0.843,0,0]},{"i":{"x":0.833,"y":0.833},"o":{"x":0.167,"y":0.167},"t":222.5,"s":[265.942,250,0],"to":[0.862,0,0],"ti":[0.247,0,0]},{"i":{"x":0.833,"y":0.833},"o":{"x":0.167,"y":0.167},"t":225,"s":[266.846,250,0],"to":[-0.392,0,0],"ti":[0.832,0,0]},{"i":{"x":0.833,"y":0.833},"o":{"x":0.167,"y":0.167},"t":227.5,"s":[277.808,250,0],"to":[-0.685,0,0],"ti":[1.467,0,0]},{"i":{"x":0.833,"y":0.833},"o":{"x":0.167,"y":0.167},"t":230,"s":[268.604,250,0],"to":[-0.733,0,0],"ti":[0.762,0,0]},{"i":{"x":0.833,"y":0.833},"o":{"x":0.167,"y":0.167},"t":232.5,"s":[267.993,250,0],"to":[-0.795,0,0],"ti":[0.844,0,0]},{"i":{"x":0.833,"y":0.833},"o":{"x":0.167,"y":0.167},"t":235,"s":[267.944,250,0],"to":[-0.892,0,0],"ti":[0.991,0,0]},{"i":{"x":0.833,"y":0.833},"o":{"x":0.167,"y":0.167},"t":237.5,"s":[267.212,250,0],"to":[-1.006,0,0],"ti":[1.137,0,0]},{"i":{"x":0.833,"y":0.833},"o":{"x":0.167,"y":0.167},"t":240,"s":[270.728,250,0],"to":[-1.295,0,0],"ti":[1.836,0,0]},{"i":{"x":0.833,"y":0.833},"o":{"x":0.167,"y":0.167},"t":242.5,"s":[269.263,250,0],"to":[-1.694,0,0],"ti":[2.133,0,0]},{"i":{"x":0.833,"y":0.833},"o":{"x":0.167,"y":0.167},"t":245,"s":[266.309,250,0],"to":[-2.233,0,0],"ti":[2.569,0,0]},{"i":{"x":0.833,"y":0.833},"o":{"x":0.167,"y":0.167},"t":247.5,"s":[268.774,250,0],"to":[-4.404,0,0],"ti":[0.409,0,0]},{"t":250,"s":[250,250,0]}],"ix":2,"l":2},"a":{"a":0,"k":[27.637,-12.281,0],"ix":1,"l":2},"s":{"a":0,"k":[100,100,100],"ix":6,"l":2}},"ao":0,"t":{"d":{"k":[{"s":{"sz":[217.391326904297,73.671501159668],"ps":[-77.2946929931641,-47.7053108215332],"s":100,"f":"Bahnschrift","t":"0%\r","j":0,"tr":0,"lh":120,"ls":0,"fc":[0.118,0.263,1]},"t":0},{"s":{"sz":[217.391326904297,73.671501159668],"ps":[-77.2946929931641,-47.7053108215332],"s":100,"f":"Bahnschrift","t":"1%\r","j":0,"tr":0,"lh":120,"ls":0,"fc":[0.118,0.263,1]},"t":2.5},{"s":{"sz":[217.391326904297,73.671501159668],"ps":[-77.2946929931641,-47.7053108215332],"s":100,"f":"Bahnschrift","t":"2%\r","j":0,"tr":0,"lh":120,"ls":0,"fc":[0.118,0.263,1]},"t":5},{"s":{"sz":[217.391326904297,73.671501159668],"ps":[-77.2946929931641,-47.7053108215332],"s":100,"f":"Bahnschrift","t":"3%\r","j":0,"tr":0,"lh":120,"ls":0,"fc":[0.118,0.263,1]},"t":7.5},{"s":{"sz":[217.391326904297,73.671501159668],"ps":[-77.2946929931641,-47.7053108215332],"s":100,"f":"Bahnschrift","t":"4%\r","j":0,"tr":0,"lh":120,"ls":0,"fc":[0.118,0.263,1]},"t":10},{"s":{"sz":[217.391326904297,73.671501159668],"ps":[-77.2946929931641,-47.7053108215332],"s":100,"f":"Bahnschrift","t":"5%\r","j":0,"tr":0,"lh":120,"ls":0,"fc":[0.118,0.263,1]},"t":12.5},{"s":{"sz":[217.391326904297,73.671501159668],"ps":[-77.2946929931641,-47.7053108215332],"s":100,"f":"Bahnschrift","t":"6%\r","j":0,"tr":0,"lh":120,"ls":0,"fc":[0.118,0.263,1]},"t":15},{"s":{"sz":[217.391326904297,73.671501159668],"ps":[-77.2946929931641,-47.7053108215332],"s":100,"f":"Bahnschrift","t":"7%\r","j":0,"tr":0,"lh":120,"ls":0,"fc":[0.118,0.263,1]},"t":17.5},{"s":{"sz":[217.391326904297,73.671501159668],"ps":[-77.2946929931641,-47.7053108215332],"s":100,"f":"Bahnschrift","t":"8%\r","j":0,"tr":0,"lh":120,"ls":0,"fc":[0.118,0.263,1]},"t":20},{"s":{"sz":[217.391326904297,73.671501159668],"ps":[-77.2946929931641,-47.7053108215332],"s":100,"f":"Bahnschrift","t":"9%\r","j":0,"tr":0,"lh":120,"ls":0,"fc":[0.118,0.263,1]},"t":22.5},{"s":{"sz":[217.391326904297,73.671501159668],"ps":[-77.2946929931641,-47.7053108215332],"s":100,"f":"Bahnschrift","t":"10%\r","j":0,"tr":0,"lh":120,"ls":0,"fc":[0.118,0.263,1]},"t":25},{"s":{"sz":[217.391326904297,73.671501159668],"ps":[-77.2946929931641,-47.7053108215332],"s":100,"f":"Bahnschrift","t":"11%\r","j":0,"tr":0,"lh":120,"ls":0,"fc":[0.118,0.263,1]},"t":27.5},{"s":{"sz":[217.391326904297,73.671501159668],"ps":[-77.2946929931641,-47.7053108215332],"s":100,"f":"Bahnschrift","t":"12%\r","j":0,"tr":0,"lh":120,"ls":0,"fc":[0.118,0.263,1]},"t":30},{"s":{"sz":[217.391326904297,73.671501159668],"ps":[-77.2946929931641,-47.7053108215332],"s":100,"f":"Bahnschrift","t":"13%\r","j":0,"tr":0,"lh":120,"ls":0,"fc":[0.118,0.263,1]},"t":32.5},{"s":{"sz":[217.391326904297,73.671501159668],"ps":[-77.2946929931641,-47.7053108215332],"s":100,"f":"Bahnschrift","t":"14%\r","j":0,"tr":0,"lh":120,"ls":0,"fc":[0.118,0.263,1]},"t":35},{"s":{"sz":[217.391326904297,73.671501159668],"ps":[-77.2946929931641,-47.7053108215332],"s":100,"f":"Bahnschrift","t":"15%\r","j":0,"tr":0,"lh":120,"ls":0,"fc":[0.118,0.263,1]},"t":37.5},{"s":{"sz":[217.391326904297,73.671501159668],"ps":[-77.2946929931641,-47.7053108215332],"s":100,"f":"Bahnschrift","t":"16%\r","j":0,"tr":0,"lh":120,"ls":0,"fc":[0.118,0.263,1]},"t":40},{"s":{"sz":[217.391326904297,73.671501159668],"ps":[-77.2946929931641,-47.7053108215332],"s":100,"f":"Bahnschrift","t":"17%\r","j":0,"tr":0,"lh":120,"ls":0,"fc":[0.118,0.263,1]},"t":42.5},{"s":{"sz":[217.391326904297,73.671501159668],"ps":[-77.2946929931641,-47.7053108215332],"s":100,"f":"Bahnschrift","t":"18%\r","j":0,"tr":0,"lh":120,"ls":0,"fc":[0.118,0.263,1]},"t":45},{"s":{"sz":[217.391326904297,73.671501159668],"ps":[-77.2946929931641,-47.7053108215332],"s":100,"f":"Bahnschrift","t":"19%\r","j":0,"tr":0,"lh":120,"ls":0,"fc":[0.118,0.263,1]},"t":47.5},{"s":{"sz":[217.391326904297,73.671501159668],"ps":[-77.2946929931641,-47.7053108215332],"s":100,"f":"Bahnschrift","t":"20%\r","j":0,"tr":0,"lh":120,"ls":0,"fc":[0.118,0.263,1]},"t":50},{"s":{"sz":[217.391326904297,73.671501159668],"ps":[-77.2946929931641,-47.7053108215332],"s":100,"f":"Bahnschrift","t":"21%\r","j":0,"tr":0,"lh":120,"ls":0,"fc":[0.118,0.263,1]},"t":52.5},{"s":{"sz":[217.391326904297,73.671501159668],"ps":[-77.2946929931641,-47.7053108215332],"s":100,"f":"Bahnschrift","t":"22%\r","j":0,"tr":0,"lh":120,"ls":0,"fc":[0.118,0.263,1]},"t":55},{"s":{"sz":[217.391326904297,73.671501159668],"ps":[-77.2946929931641,-47.7053108215332],"s":100,"f":"Bahnschrift","t":"23%\r","j":0,"tr":0,"lh":120,"ls":0,"fc":[0.118,0.263,1]},"t":57.5},{"s":{"sz":[217.391326904297,73.671501159668],"ps":[-77.2946929931641,-47.7053108215332],"s":100,"f":"Bahnschrift","t":"24%\r","j":0,"tr":0,"lh":120,"ls":0,"fc":[0.118,0.263,1]},"t":60},{"s":{"sz":[217.391326904297,73.671501159668],"ps":[-77.2946929931641,-47.7053108215332],"s":100,"f":"Bahnschrift","t":"25%\r","j":0,"tr":0,"lh":120,"ls":0,"fc":[0.118,0.263,1]},"t":62.5},{"s":{"sz":[217.391326904297,73.671501159668],"ps":[-77.2946929931641,-47.7053108215332],"s":100,"f":"Bahnschrift","t":"26%\r","j":0,"tr":0,"lh":120,"ls":0,"fc":[0.118,0.263,1]},"t":65},{"s":{"sz":[217.391326904297,73.671501159668],"ps":[-77.2946929931641,-47.7053108215332],"s":100,"f":"Bahnschrift","t":"27%\r","j":0,"tr":0,"lh":120,"ls":0,"fc":[0.118,0.263,1]},"t":67.5},{"s":{"sz":[217.391326904297,73.671501159668],"ps":[-77.2946929931641,-47.7053108215332],"s":100,"f":"Bahnschrift","t":"28%\r","j":0,"tr":0,"lh":120,"ls":0,"fc":[0.118,0.263,1]},"t":70},{"s":{"sz":[217.391326904297,73.671501159668],"ps":[-77.2946929931641,-47.7053108215332],"s":100,"f":"Bahnschrift","t":"29%\r","j":0,"tr":0,"lh":120,"ls":0,"fc":[0.118,0.263,1]},"t":72.5},{"s":{"sz":[217.391326904297,73.671501159668],"ps":[-77.2946929931641,-47.7053108215332],"s":100,"f":"Bahnschrift","t":"30%\r","j":0,"tr":0,"lh":120,"ls":0,"fc":[0.118,0.263,1]},"t":75},{"s":{"sz":[217.391326904297,73.671501159668],"ps":[-77.2946929931641,-47.7053108215332],"s":100,"f":"Bahnschrift","t":"31%\r","j":0,"tr":0,"lh":120,"ls":0,"fc":[0.118,0.263,1]},"t":77.5},{"s":{"sz":[217.391326904297,73.671501159668],"ps":[-77.2946929931641,-47.7053108215332],"s":100,"f":"Bahnschrift","t":"32%\r","j":0,"tr":0,"lh":120,"ls":0,"fc":[0.118,0.263,1]},"t":80},{"s":{"sz":[217.391326904297,73.671501159668],"ps":[-77.2946929931641,-47.7053108215332],"s":100,"f":"Bahnschrift","t":"33%\r","j":0,"tr":0,"lh":120,"ls":0,"fc":[0.118,0.263,1]},"t":82.5},{"s":{"sz":[217.391326904297,73.671501159668],"ps":[-77.2946929931641,-47.7053108215332],"s":100,"f":"Bahnschrift","t":"34%\r","j":0,"tr":0,"lh":120,"ls":0,"fc":[0.118,0.263,1]},"t":85},{"s":{"sz":[217.391326904297,73.671501159668],"ps":[-77.2946929931641,-47.7053108215332],"s":100,"f":"Bahnschrift","t":"35%\r","j":0,"tr":0,"lh":120,"ls":0,"fc":[0.118,0.263,1]},"t":87.5},{"s":{"sz":[217.391326904297,73.671501159668],"ps":[-77.2946929931641,-47.7053108215332],"s":100,"f":"Bahnschrift","t":"36%\r","j":0,"tr":0,"lh":120,"ls":0,"fc":[0.118,0.263,1]},"t":90},{"s":{"sz":[217.391326904297,73.671501159668],"ps":[-77.2946929931641,-47.7053108215332],"s":100,"f":"Bahnschrift","t":"37%\r","j":0,"tr":0,"lh":120,"ls":0,"fc":[0.118,0.263,1]},"t":92.5},{"s":{"sz":[217.391326904297,73.671501159668],"ps":[-77.2946929931641,-47.7053108215332],"s":100,"f":"Bahnschrift","t":"38%\r","j":0,"tr":0,"lh":120,"ls":0,"fc":[0.118,0.263,1]},"t":95},{"s":{"sz":[217.391326904297,73.671501159668],"ps":[-77.2946929931641,-47.7053108215332],"s":100,"f":"Bahnschrift","t":"39%\r","j":0,"tr":0,"lh":120,"ls":0,"fc":[0.118,0.263,1]},"t":97.5},{"s":{"sz":[217.391326904297,73.671501159668],"ps":[-77.2946929931641,-47.7053108215332],"s":100,"f":"Bahnschrift","t":"40%\r","j":0,"tr":0,"lh":120,"ls":0,"fc":[0.118,0.263,1]},"t":100},{"s":{"sz":[217.391326904297,73.671501159668],"ps":[-77.2946929931641,-47.7053108215332],"s":100,"f":"Bahnschrift","t":"41%\r","j":0,"tr":0,"lh":120,"ls":0,"fc":[0.118,0.263,1]},"t":102.5},{"s":{"sz":[217.391326904297,73.671501159668],"ps":[-77.2946929931641,-47.7053108215332],"s":100,"f":"Bahnschrift","t":"42%\r","j":0,"tr":0,"lh":120,"ls":0,"fc":[0.118,0.263,1]},"t":105},{"s":{"sz":[217.391326904297,73.671501159668],"ps":[-77.2946929931641,-47.7053108215332],"s":100,"f":"Bahnschrift","t":"43%\r","j":0,"tr":0,"lh":120,"ls":0,"fc":[0.118,0.263,1]},"t":107.5},{"s":{"sz":[217.391326904297,73.671501159668],"ps":[-77.2946929931641,-47.7053108215332],"s":100,"f":"Bahnschrift","t":"44%\r","j":0,"tr":0,"lh":120,"ls":0,"fc":[0.118,0.263,1]},"t":110},{"s":{"sz":[217.391326904297,73.671501159668],"ps":[-77.2946929931641,-47.7053108215332],"s":100,"f":"Bahnschrift","t":"45%\r","j":0,"tr":0,"lh":120,"ls":0,"fc":[0.118,0.263,1]},"t":112.5},{"s":{"sz":[217.391326904297,73.671501159668],"ps":[-77.2946929931641,-47.7053108215332],"s":100,"f":"Bahnschrift","t":"46%\r","j":0,"tr":0,"lh":120,"ls":0,"fc":[0.118,0.263,1]},"t":115},{"s":{"sz":[217.391326904297,73.671501159668],"ps":[-77.2946929931641,-47.7053108215332],"s":100,"f":"Bahnschrift","t":"47%\r","j":0,"tr":0,"lh":120,"ls":0,"fc":[0.118,0.263,1]},"t":117.5},{"s":{"sz":[217.391326904297,73.671501159668],"ps":[-77.2946929931641,-47.7053108215332],"s":100,"f":"Bahnschrift","t":"48%\r","j":0,"tr":0,"lh":120,"ls":0,"fc":[0.118,0.263,1]},"t":120},{"s":{"sz":[217.391326904297,73.671501159668],"ps":[-77.2946929931641,-47.7053108215332],"s":100,"f":"Bahnschrift","t":"49%\r","j":0,"tr":0,"lh":120,"ls":0,"fc":[0.118,0.263,1]},"t":122.5},{"s":{"sz":[217.391326904297,73.671501159668],"ps":[-77.2946929931641,-47.7053108215332],"s":100,"f":"Bahnschrift","t":"50%\r","j":0,"tr":0,"lh":120,"ls":0,"fc":[0.118,0.263,1]},"t":125},{"s":{"sz":[217.391326904297,73.671501159668],"ps":[-77.2946929931641,-47.7053108215332],"s":100,"f":"Bahnschrift","t":"51%\r","j":0,"tr":0,"lh":120,"ls":0,"fc":[0.118,0.263,1]},"t":127.5},{"s":{"sz":[217.391326904297,73.671501159668],"ps":[-77.2946929931641,-47.7053108215332],"s":100,"f":"Bahnschrift","t":"52%\r","j":0,"tr":0,"lh":120,"ls":0,"fc":[0.118,0.263,1]},"t":130},{"s":{"sz":[217.391326904297,73.671501159668],"ps":[-77.2946929931641,-47.7053108215332],"s":100,"f":"Bahnschrift","t":"53%\r","j":0,"tr":0,"lh":120,"ls":0,"fc":[0.118,0.263,1]},"t":132.5},{"s":{"sz":[217.391326904297,73.671501159668],"ps":[-77.2946929931641,-47.7053108215332],"s":100,"f":"Bahnschrift","t":"54%\r","j":0,"tr":0,"lh":120,"ls":0,"fc":[0.118,0.263,1]},"t":135},{"s":{"sz":[217.391326904297,73.671501159668],"ps":[-77.2946929931641,-47.7053108215332],"s":100,"f":"Bahnschrift","t":"55%\r","j":0,"tr":0,"lh":120,"ls":0,"fc":[0.118,0.263,1]},"t":137.5},{"s":{"sz":[217.391326904297,73.671501159668],"ps":[-77.2946929931641,-47.7053108215332],"s":100,"f":"Bahnschrift","t":"56%\r","j":0,"tr":0,"lh":120,"ls":0,"fc":[0.118,0.263,1]},"t":140},{"s":{"sz":[217.391326904297,73.671501159668],"ps":[-77.2946929931641,-47.7053108215332],"s":100,"f":"Bahnschrift","t":"57%\r","j":0,"tr":0,"lh":120,"ls":0,"fc":[0.118,0.263,1]},"t":142.5},{"s":{"sz":[217.391326904297,73.671501159668],"ps":[-77.2946929931641,-47.7053108215332],"s":100,"f":"Bahnschrift","t":"58%\r","j":0,"tr":0,"lh":120,"ls":0,"fc":[0.118,0.263,1]},"t":145},{"s":{"sz":[217.391326904297,73.671501159668],"ps":[-77.2946929931641,-47.7053108215332],"s":100,"f":"Bahnschrift","t":"59%\r","j":0,"tr":0,"lh":120,"ls":0,"fc":[0.118,0.263,1]},"t":147.5},{"s":{"sz":[217.391326904297,73.671501159668],"ps":[-77.2946929931641,-47.7053108215332],"s":100,"f":"Bahnschrift","t":"60%\r","j":0,"tr":0,"lh":120,"ls":0,"fc":[0.118,0.263,1]},"t":150},{"s":{"sz":[217.391326904297,73.671501159668],"ps":[-77.2946929931641,-47.7053108215332],"s":100,"f":"Bahnschrift","t":"61%\r","j":0,"tr":0,"lh":120,"ls":0,"fc":[0.118,0.263,1]},"t":152.5},{"s":{"sz":[217.391326904297,73.671501159668],"ps":[-77.2946929931641,-47.7053108215332],"s":100,"f":"Bahnschrift","t":"62%\r","j":0,"tr":0,"lh":120,"ls":0,"fc":[0.118,0.263,1]},"t":155},{"s":{"sz":[217.391326904297,73.671501159668],"ps":[-77.2946929931641,-47.7053108215332],"s":100,"f":"Bahnschrift","t":"63%\r","j":0,"tr":0,"lh":120,"ls":0,"fc":[0.118,0.263,1]},"t":157.5},{"s":{"sz":[217.391326904297,73.671501159668],"ps":[-77.2946929931641,-47.7053108215332],"s":100,"f":"Bahnschrift","t":"64%\r","j":0,"tr":0,"lh":120,"ls":0,"fc":[0.118,0.263,1]},"t":160},{"s":{"sz":[217.391326904297,73.671501159668],"ps":[-77.2946929931641,-47.7053108215332],"s":100,"f":"Bahnschrift","t":"65%\r","j":0,"tr":0,"lh":120,"ls":0,"fc":[0.118,0.263,1]},"t":162.5},{"s":{"sz":[217.391326904297,73.671501159668],"ps":[-77.2946929931641,-47.7053108215332],"s":100,"f":"Bahnschrift","t":"66%\r","j":0,"tr":0,"lh":120,"ls":0,"fc":[0.118,0.263,1]},"t":165},{"s":{"sz":[217.391326904297,73.671501159668],"ps":[-77.2946929931641,-47.7053108215332],"s":100,"f":"Bahnschrift","t":"67%\r","j":0,"tr":0,"lh":120,"ls":0,"fc":[0.118,0.263,1]},"t":167.5},{"s":{"sz":[217.391326904297,73.671501159668],"ps":[-77.2946929931641,-47.7053108215332],"s":100,"f":"Bahnschrift","t":"68%\r","j":0,"tr":0,"lh":120,"ls":0,"fc":[0.118,0.263,1]},"t":170},{"s":{"sz":[217.391326904297,73.671501159668],"ps":[-77.2946929931641,-47.7053108215332],"s":100,"f":"Bahnschrift","t":"69%\r","j":0,"tr":0,"lh":120,"ls":0,"fc":[0.118,0.263,1]},"t":172.5},{"s":{"sz":[217.391326904297,73.671501159668],"ps":[-77.2946929931641,-47.7053108215332],"s":100,"f":"Bahnschrift","t":"70%\r","j":0,"tr":0,"lh":120,"ls":0,"fc":[0.118,0.263,1]},"t":175},{"s":{"sz":[217.391326904297,73.671501159668],"ps":[-77.2946929931641,-47.7053108215332],"s":100,"f":"Bahnschrift","t":"71%\r","j":0,"tr":0,"lh":120,"ls":0,"fc":[0.118,0.263,1]},"t":177.5},{"s":{"sz":[217.391326904297,73.671501159668],"ps":[-77.2946929931641,-47.7053108215332],"s":100,"f":"Bahnschrift","t":"72%\r","j":0,"tr":0,"lh":120,"ls":0,"fc":[0.118,0.263,1]},"t":180},{"s":{"sz":[217.391326904297,73.671501159668],"ps":[-77.2946929931641,-47.7053108215332],"s":100,"f":"Bahnschrift","t":"73%\r","j":0,"tr":0,"lh":120,"ls":0,"fc":[0.118,0.263,1]},"t":182.5},{"s":{"sz":[217.391326904297,73.671501159668],"ps":[-77.2946929931641,-47.7053108215332],"s":100,"f":"Bahnschrift","t":"74%\r","j":0,"tr":0,"lh":120,"ls":0,"fc":[0.118,0.263,1]},"t":185},{"s":{"sz":[217.391326904297,73.671501159668],"ps":[-77.2946929931641,-47.7053108215332],"s":100,"f":"Bahnschrift","t":"75%\r","j":0,"tr":0,"lh":120,"ls":0,"fc":[0.118,0.263,1]},"t":187.5},{"s":{"sz":[217.391326904297,73.671501159668],"ps":[-77.2946929931641,-47.7053108215332],"s":100,"f":"Bahnschrift","t":"76%\r","j":0,"tr":0,"lh":120,"ls":0,"fc":[0.118,0.263,1]},"t":190},{"s":{"sz":[217.391326904297,73.671501159668],"ps":[-77.2946929931641,-47.7053108215332],"s":100,"f":"Bahnschrift","t":"77%\r","j":0,"tr":0,"lh":120,"ls":0,"fc":[0.118,0.263,1]},"t":192.5},{"s":{"sz":[217.391326904297,73.671501159668],"ps":[-77.2946929931641,-47.7053108215332],"s":100,"f":"Bahnschrift","t":"78%\r","j":0,"tr":0,"lh":120,"ls":0,"fc":[0.118,0.263,1]},"t":195},{"s":{"sz":[217.391326904297,73.671501159668],"ps":[-77.2946929931641,-47.7053108215332],"s":100,"f":"Bahnschrift","t":"79%\r","j":0,"tr":0,"lh":120,"ls":0,"fc":[0.118,0.263,1]},"t":197.5},{"s":{"sz":[217.391326904297,73.671501159668],"ps":[-77.2946929931641,-47.7053108215332],"s":100,"f":"Bahnschrift","t":"80%\r","j":0,"tr":0,"lh":120,"ls":0,"fc":[0.118,0.263,1]},"t":200},{"s":{"sz":[217.391326904297,73.671501159668],"ps":[-77.2946929931641,-47.7053108215332],"s":100,"f":"Bahnschrift","t":"81%\r","j":0,"tr":0,"lh":120,"ls":0,"fc":[0.118,0.263,1]},"t":202.5},{"s":{"sz":[217.391326904297,73.671501159668],"ps":[-77.2946929931641,-47.7053108215332],"s":100,"f":"Bahnschrift","t":"82%\r","j":0,"tr":0,"lh":120,"ls":0,"fc":[0.118,0.263,1]},"t":205},{"s":{"sz":[217.391326904297,73.671501159668],"ps":[-77.2946929931641,-47.7053108215332],"s":100,"f":"Bahnschrift","t":"83%\r","j":0,"tr":0,"lh":120,"ls":0,"fc":[0.118,0.263,1]},"t":207.5},{"s":{"sz":[217.391326904297,73.671501159668],"ps":[-77.2946929931641,-47.7053108215332],"s":100,"f":"Bahnschrift","t":"84%\r","j":0,"tr":0,"lh":120,"ls":0,"fc":[0.118,0.263,1]},"t":210},{"s":{"sz":[217.391326904297,73.671501159668],"ps":[-77.2946929931641,-47.7053108215332],"s":100,"f":"Bahnschrift","t":"85%\r","j":0,"tr":0,"lh":120,"ls":0,"fc":[0.118,0.263,1]},"t":212.5},{"s":{"sz":[217.391326904297,73.671501159668],"ps":[-77.2946929931641,-47.7053108215332],"s":100,"f":"Bahnschrift","t":"86%\r","j":0,"tr":0,"lh":120,"ls":0,"fc":[0.118,0.263,1]},"t":215},{"s":{"sz":[217.391326904297,73.671501159668],"ps":[-77.2946929931641,-47.7053108215332],"s":100,"f":"Bahnschrift","t":"87%\r","j":0,"tr":0,"lh":120,"ls":0,"fc":[0.118,0.263,1]},"t":217.5},{"s":{"sz":[217.391326904297,73.671501159668],"ps":[-77.2946929931641,-47.7053108215332],"s":100,"f":"Bahnschrift","t":"88%\r","j":0,"tr":0,"lh":120,"ls":0,"fc":[0.118,0.263,1]},"t":220},{"s":{"sz":[217.391326904297,73.671501159668],"ps":[-77.2946929931641,-47.7053108215332],"s":100,"f":"Bahnschrift","t":"89%\r","j":0,"tr":0,"lh":120,"ls":0,"fc":[0.118,0.263,1]},"t":222.5},{"s":{"sz":[217.391326904297,73.671501159668],"ps":[-77.2946929931641,-47.7053108215332],"s":100,"f":"Bahnschrift","t":"90%\r","j":0,"tr":0,"lh":120,"ls":0,"fc":[0.118,0.263,1]},"t":225},{"s":{"sz":[217.391326904297,73.671501159668],"ps":[-77.2946929931641,-47.7053108215332],"s":100,"f":"Bahnschrift","t":"91%\r","j":0,"tr":0,"lh":120,"ls":0,"fc":[0.118,0.263,1]},"t":227.5},{"s":{"sz":[217.391326904297,73.671501159668],"ps":[-77.2946929931641,-47.7053108215332],"s":100,"f":"Bahnschrift","t":"92%\r","j":0,"tr":0,"lh":120,"ls":0,"fc":[0.118,0.263,1]},"t":230},{"s":{"sz":[217.391326904297,73.671501159668],"ps":[-77.2946929931641,-47.7053108215332],"s":100,"f":"Bahnschrift","t":"93%\r","j":0,"tr":0,"lh":120,"ls":0,"fc":[0.118,0.263,1]},"t":232.5},{"s":{"sz":[217.391326904297,73.671501159668],"ps":[-77.2946929931641,-47.7053108215332],"s":100,"f":"Bahnschrift","t":"94%\r","j":0,"tr":0,"lh":120,"ls":0,"fc":[0.118,0.263,1]},"t":235},{"s":{"sz":[217.391326904297,73.671501159668],"ps":[-77.2946929931641,-47.7053108215332],"s":100,"f":"Bahnschrift","t":"95%\r","j":0,"tr":0,"lh":120,"ls":0,"fc":[0.118,0.263,1]},"t":237.5},{"s":{"sz":[217.391326904297,73.671501159668],"ps":[-77.2946929931641,-47.7053108215332],"s":100,"f":"Bahnschrift","t":"96%\r","j":0,"tr":0,"lh":120,"ls":0,"fc":[0.118,0.263,1]},"t":240},{"s":{"sz":[217.391326904297,73.671501159668],"ps":[-77.2946929931641,-47.7053108215332],"s":100,"f":"Bahnschrift","t":"97%\r","j":0,"tr":0,"lh":120,"ls":0,"fc":[0.118,0.263,1]},"t":242.5},{"s":{"sz":[217.391326904297,73.671501159668],"ps":[-77.2946929931641,-47.7053108215332],"s":100,"f":"Bahnschrift","t":"98%\r","j":0,"tr":0,"lh":120,"ls":0,"fc":[0.118,0.263,1]},"t":245},{"s":{"sz":[217.391326904297,73.671501159668],"ps":[-77.2946929931641,-47.7053108215332],"s":100,"f":"Bahnschrift","t":"99%\r","j":0,"tr":0,"lh":120,"ls":0,"fc":[0.118,0.263,1]},"t":247.5},{"s":{"sz":[217.391326904297,73.671501159668],"ps":[-77.2946929931641,-47.7053108215332],"s":100,"f":"Bahnschrift","t":"100%\r","j":0,"tr":0,"lh":120,"ls":0,"fc":[0.118,0.263,1]},"t":250}]},"p":{},"m":{"g":1,"a":{"a":0,"k":[0,0],"ix":2}},"a":[]},"ip":0,"op":275,"st":0,"bm":0},{"ddd":0,"ind":2,"ty":4,"nm":"progress","sr":1,"ks":{"o":{"a":0,"k":100,"ix":11},"r":{"a":0,"k":0,"ix":10},"p":{"a":0,"k":[250,250,0],"ix":2,"l":2},"a":{"a":0,"k":[85.749,78.502,0],"ix":1,"l":2},"s":{"a":0,"k":[100,100,100],"ix":6,"l":2}},"ao":0,"shapes":[{"ty":"gr","it":[{"d":1,"ty":"el","s":{"a":0,"k":[304.348,304.348],"ix":2},"p":{"a":0,"k":[0,0],"ix":3},"nm":"Ellipse Path 1","mn":"ADBE Vector Shape - Ellipse","hd":false},{"ty":"st","c":{"a":0,"k":[0.117647051344,0.262975565592,1,1],"ix":3},"o":{"a":0,"k":100,"ix":4},"w":{"a":0,"k":40,"ix":5},"lc":2,"lj":1,"ml":4,"bm":0,"nm":"Stroke 1","mn":"ADBE Vector Graphic - Stroke","hd":false},{"ty":"tr","p":{"a":0,"k":[85.749,78.502],"ix":2},"a":{"a":0,"k":[0,0],"ix":1},"s":{"a":0,"k":[100,100],"ix":3},"r":{"a":0,"k":0,"ix":6},"o":{"a":0,"k":100,"ix":7},"sk":{"a":0,"k":0,"ix":4},"sa":{"a":0,"k":0,"ix":5},"nm":"Transform"}],"nm":"Ellipse 1","np":3,"cix":2,"bm":0,"ix":1,"mn":"ADBE Vector Group","hd":false},{"ty":"tm","s":{"a":1,"k":[{"i":{"x":[0.833],"y":[0.833]},"o":{"x":[0.167],"y":[0.167]},"t":0,"s":[0]},{"t":250,"s":[100]}],"ix":1},"e":{"a":0,"k":0,"ix":2},"o":{"a":0,"k":0,"ix":3},"m":1,"ix":2,"nm":"Trim Paths 1","mn":"ADBE Vector Filter - Trim","hd":false}],"ip":0,"op":275,"st":0,"bm":0},{"ddd":0,"ind":3,"ty":4,"nm":"bg","sr":1,"ks":{"o":{"a":0,"k":100,"ix":11},"r":{"a":0,"k":0,"ix":10},"p":{"a":0,"k":[250,250,0],"ix":2,"l":2},"a":{"a":0,"k":[85.749,78.502,0],"ix":1,"l":2},"s":{"a":0,"k":[100,100,100],"ix":6,"l":2}},"ao":0,"shapes":[{"ty":"gr","it":[{"d":1,"ty":"el","s":{"a":0,"k":[304.348,304.348],"ix":2},"p":{"a":0,"k":[0,0],"ix":3},"nm":"Ellipse Path 1","mn":"ADBE Vector Shape - Ellipse","hd":false},{"ty":"st","c":{"a":0,"k":[0.827450980392,0.827450980392,0.827450980392,1],"ix":3},"o":{"a":0,"k":100,"ix":4},"w":{"a":0,"k":50,"ix":5},"lc":2,"lj":1,"ml":4,"bm":0,"nm":"Stroke 1","mn":"ADBE Vector Graphic - Stroke","hd":false},{"ty":"tr","p":{"a":0,"k":[85.749,78.502],"ix":2},"a":{"a":0,"k":[0,0],"ix":1},"s":{"a":0,"k":[100,100],"ix":3},"r":{"a":0,"k":0,"ix":6},"o":{"a":0,"k":100,"ix":7},"sk":{"a":0,"k":0,"ix":4},"sa":{"a":0,"k":0,"ix":5},"nm":"Transform"}],"nm":"Ellipse 1","np":3,"cix":2,"bm":0,"ix":1,"mn":"ADBE Vector Group","hd":false},{"ty":"tm","s":{"a":0,"k":0,"ix":1},"e":{"a":0,"k":100,"ix":2},"o":{"a":0,"k":0,"ix":3},"m":1,"ix":2,"nm":"Trim Paths 1","mn":"ADBE Vector Filter - Trim","hd":false}],"ip":0,"op":275,"st":0,"bm":0}],"markers":[],"chars":[{"ch":"0","size":100,"style":"Regular","w":53.22,"data":{"shapes":[{"ty":"gr","it":[{"ind":0,"ty":"sh","ix":1,"ks":{"a":0,"k":{"i":[[-6.641,0],[-3.451,3.532],[0,6.38],[0,0],[3.434,3.516],[6.641,0],[3.45,-3.532],[0,-6.38],[0,0],[-3.435,-3.548]],"o":[[6.608,0],[3.45,-3.532],[0,0],[0,-6.413],[-3.435,-3.516],[-6.609,0],[-3.451,3.532],[0,0],[0,6.348],[3.434,3.548]],"v":[[27.588,0.732],[42.676,-4.565],[47.852,-19.434],[47.852,-51.709],[42.7,-66.602],[27.588,-71.875],[12.5,-66.577],[7.324,-51.709],[7.324,-19.434],[12.476,-4.59]],"c":true},"ix":2},"nm":"0","mn":"ADBE Vector Shape - Group","hd":false},{"ind":1,"ty":"sh","ix":2,"ks":{"a":0,"k":{"i":[[3.516,0],[1.676,1.839],[0,3.451],[0,0],[-1.66,1.839],[-3.548,0],[-1.66,-1.839],[0,-3.45],[0,0],[1.676,-1.839]],"o":[[-3.516,0],[-1.677,-1.839],[0,0],[0,-3.45],[1.66,-1.839],[3.548,0],[1.66,1.839],[0,0],[0,3.451],[-1.677,1.839]],"v":[[27.588,-8.74],[19.8,-11.499],[17.285,-19.434],[17.285,-51.709],[19.775,-59.644],[27.588,-62.402],[35.4,-59.644],[37.891,-51.709],[37.891,-19.434],[35.376,-11.499]],"c":true},"ix":2},"nm":"0","mn":"ADBE Vector Shape - Group","hd":false}],"nm":"0","np":5,"cix":2,"bm":0,"ix":1,"mn":"ADBE Vector Group","hd":false}]},"fFamily":"Bahnschrift"},{"ch":"%","size":100,"style":"Regular","w":68.7,"data":{"shapes":[{"ty":"gr","it":[{"ind":0,"ty":"sh","ix":1,"ks":{"a":0,"k":{"i":[[0,0],[0,0],[0,0],[0,0]],"o":[[0,0],[0,0],[0,0],[0,0]],"v":[[10.4,0],[19.141,0],[57.715,-70.996],[48.975,-70.996]],"c":true},"ix":2},"nm":"%","mn":"ADBE Vector Shape - Group","hd":false},{"ind":1,"ty":"sh","ix":2,"ks":{"a":0,"k":{"i":[[-3.777,0],[-2.068,2.181],[0,3.972],[0,0],[2.051,2.197],[3.776,0],[2.051,-2.197],[0,-3.938],[0,0],[-2.051,-2.197]],"o":[[3.743,0],[2.067,-2.18],[0,0],[0,-4.004],[-2.051,-2.197],[-3.777,0],[-2.051,2.197],[0,0],[0,3.939],[2.051,2.197]],"v":[[52.002,0.732],[60.718,-2.539],[63.818,-11.768],[63.818,-17.773],[60.742,-27.075],[52.002,-30.371],[43.262,-27.075],[40.186,-17.871],[40.186,-11.768],[43.262,-2.563]],"c":true},"ix":2},"nm":"%","mn":"ADBE Vector Shape - Group","hd":false},{"ind":2,"ty":"sh","ix":3,"ks":{"a":0,"k":{"i":[[1.139,0],[0.635,0.716],[0,1.4],[0,0],[-0.635,0.716],[-1.172,0],[-0.652,-0.716],[0,-1.302],[0,0],[0.651,-0.732]],"o":[[-1.172,0],[-0.635,-0.716],[0,0],[0,-1.334],[0.635,-0.716],[1.139,0],[0.651,0.716],[0,0],[0,1.367],[-0.652,0.732]],"v":[[52.002,-7.031],[49.292,-8.105],[48.34,-11.279],[48.34,-18.408],[49.292,-21.484],[52.002,-22.559],[54.688,-21.484],[55.664,-18.457],[55.664,-11.279],[54.688,-8.13]],"c":true},"ix":2},"nm":"%","mn":"ADBE Vector Shape - Group","hd":false},{"ind":3,"ty":"sh","ix":4,"ks":{"a":0,"k":{"i":[[-3.777,0],[-2.068,2.181],[0,3.972],[0,0],[2.051,2.197],[3.776,0],[2.051,-2.197],[0,-3.938],[0,0],[-2.051,-2.197]],"o":[[3.743,0],[2.067,-2.18],[0,0],[0,-4.004],[-2.051,-2.197],[-3.777,0],[-2.051,2.197],[0,0],[0,3.939],[2.051,2.197]],"v":[[16.699,-40.576],[25.415,-43.848],[28.516,-53.076],[28.516,-59.082],[25.439,-68.384],[16.699,-71.68],[7.959,-68.384],[4.883,-59.18],[4.883,-53.076],[7.959,-43.872]],"c":true},"ix":2},"nm":"%","mn":"ADBE Vector Shape - Group","hd":false},{"ind":4,"ty":"sh","ix":5,"ks":{"a":0,"k":{"i":[[1.139,0],[0.635,0.716],[0,1.4],[0,0],[-0.635,0.716],[-1.172,0],[-0.652,-0.716],[0,-1.302],[0,0],[0.651,-0.732]],"o":[[-1.172,0],[-0.635,-0.716],[0,0],[0,-1.334],[0.635,-0.716],[1.139,0],[0.651,0.716],[0,0],[0,1.367],[-0.652,0.732]],"v":[[16.699,-48.34],[13.989,-49.414],[13.037,-52.588],[13.037,-59.717],[13.989,-62.793],[16.699,-63.867],[19.385,-62.793],[20.361,-59.766],[20.361,-52.588],[19.385,-49.438]],"c":true},"ix":2},"nm":"%","mn":"ADBE Vector Shape - Group","hd":false}],"nm":"%","np":8,"cix":2,"bm":0,"ix":1,"mn":"ADBE Vector Group","hd":false}]},"fFamily":"Bahnschrift"},{"ch":"\r","size":100,"style":"Regular","w":0,"fFamily":"Bahnschrift"},{"ch":"1","size":100,"style":"Regular","w":33.25,"data":{"shapes":[{"ty":"gr","it":[{"ind":0,"ty":"sh","ix":1,"ks":{"a":0,"k":{"i":[[0,0],[0,0],[0,0],[0,0],[0,0],[0,0],[0,0]],"o":[[0,0],[0,0],[0,0],[0,0],[0,0],[0,0],[0,0]],"v":[[24.463,-70.996],[14.502,-70.996],[4.395,-64.258],[4.395,-53.955],[14.502,-60.156],[14.502,0],[24.463,0]],"c":true},"ix":2},"nm":"1","mn":"ADBE Vector Shape - Group","hd":false}],"nm":"1","np":3,"cix":2,"bm":0,"ix":1,"mn":"ADBE Vector Group","hd":false}]},"fFamily":"Bahnschrift"},{"ch":"2","size":100,"style":"Regular","w":51.66,"data":{"shapes":[{"ty":"gr","it":[{"ind":0,"ty":"sh","ix":1,"ks":{"a":0,"k":{"i":[[0,0],[0,0],[0,0],[0,0],[0,0],[-1.042,2.734],[0,2.507],[0,0],[1.562,2.767],[2.995,1.449],[4.231,0],[2.864,-1.514],[1.807,-2.881],[0.586,-4.069],[0,0],[0,0],[0,0],[-1.791,1.709],[-2.898,0],[-1.66,-1.562],[0,-2.832],[0,0],[0.797,-2.034],[1.432,-1.888],[0,0]],"o":[[0,0],[0,0],[0,0],[0,0],[1.855,-2.539],[1.041,-2.734],[0,0],[0,-3.906],[-1.562,-2.766],[-2.995,-1.448],[-3.744,0],[-2.865,1.514],[-1.807,2.881],[0,0],[0,0],[0,0],[0.391,-3.125],[1.79,-1.709],[3.059,0],[1.66,1.562],[0,0],[0,1.758],[-0.798,2.035],[0,0],[0,0]],"v":[[6.25,0],[46.289,0],[46.289,-9.473],[19.434,-9.473],[39.99,-37.402],[44.336,-45.312],[45.898,-53.174],[45.898,-53.223],[43.555,-63.232],[36.719,-69.556],[25.879,-71.729],[15.967,-69.458],[8.96,-62.866],[5.371,-52.441],[5.371,-52.393],[15.674,-52.393],[15.674,-52.441],[18.945,-59.692],[25.977,-62.256],[33.057,-59.912],[35.547,-53.32],[35.547,-53.223],[34.351,-47.534],[31.006,-41.65],[6.25,-8.643]],"c":true},"ix":2},"nm":"2","mn":"ADBE Vector Shape - Group","hd":false}],"nm":"2","np":3,"cix":2,"bm":0,"ix":1,"mn":"ADBE Vector Group","hd":false}]},"fFamily":"Bahnschrift"},{"ch":"3","size":100,"style":"Regular","w":52.88,"data":{"shapes":[{"ty":"gr","it":[{"ind":0,"ty":"sh","ix":1,"ks":{"a":0,"k":{"i":[[-3.972,0],[-3.044,1.53],[-1.595,2.93],[0,4.134],[0,0],[2.132,2.962],[3.873,0.847],[-1.921,2.637],[0,3.548],[0,0],[3.352,3.223],[6.12,0],[2.766,-1.432],[1.807,-2.766],[0.651,-3.873],[0,0],[-0.928,1.318],[-1.335,0.635],[-1.693,0],[-1.611,-1.53],[0,-2.799],[0,0],[1.53,-1.66],[2.766,0],[0,0],[0,0],[0,0],[-1.726,-1.936],[0,-3.548],[0,0],[1.823,-1.758],[3.288,0],[1.546,0.635],[0.977,1.302],[0.293,2.019],[0,0],[-1.839,-2.75],[-3.027,-1.448]],"o":[[4.297,0],[3.043,-1.53],[1.595,-2.93],[0,0],[0,-4.59],[-2.132,-2.962],[3.516,-1.204],[1.92,-2.637],[0,0],[0,-5.859],[-3.353,-3.223],[-3.581,0],[-2.767,1.433],[-1.807,2.767],[0,0],[0.423,-1.985],[0.928,-1.318],[1.334,-0.635],[2.962,0],[1.611,1.53],[0,0],[0,3.027],[-1.53,1.66],[0,0],[0,0],[0,0],[3.157,0],[1.725,1.937],[0,0],[0,3.191],[-1.823,1.758],[-2.084,0],[-1.546,-0.635],[-0.977,-1.302],[0,0],[0.488,3.874],[1.839,2.751],[3.027,1.448]],"v":[[25.684,0.732],[36.694,-1.562],[43.652,-8.252],[46.045,-18.848],[46.045,-20.02],[42.847,-31.348],[33.838,-37.061],[41.992,-42.822],[44.873,-52.1],[44.873,-53.271],[39.844,-66.895],[25.635,-71.729],[16.113,-69.58],[9.253,-63.281],[5.566,-53.32],[15.674,-53.32],[17.7,-58.276],[21.094,-61.206],[25.635,-62.158],[32.495,-59.863],[34.912,-53.369],[34.912,-51.172],[32.617,-44.141],[26.172,-41.65],[21.143,-41.65],[21.143,-32.178],[26.172,-32.178],[33.496,-29.272],[36.084,-21.045],[36.084,-18.896],[33.35,-11.475],[25.684,-8.838],[20.239,-9.79],[16.455,-12.695],[14.551,-17.676],[4.395,-17.676],[7.886,-7.739],[15.186,-1.44]],"c":true},"ix":2},"nm":"3","mn":"ADBE Vector Shape - Group","hd":false}],"nm":"3","np":3,"cix":2,"bm":0,"ix":1,"mn":"ADBE Vector Group","hd":false}]},"fFamily":"Bahnschrift"},{"ch":"4","size":100,"style":"Regular","w":56.88,"data":{"shapes":[{"ty":"gr","it":[{"ind":0,"ty":"sh","ix":1,"ks":{"a":0,"k":{"i":[[0,0],[0,0],[0,0],[0,0],[0,0],[0,0],[0,0]],"o":[[0,0],[0,0],[0,0],[0,0],[0,0],[0,0],[0,0]],"v":[[6.348,-10.889],[52.002,-10.889],[52.002,-20.117],[17.188,-20.117],[40.43,-70.947],[30.176,-70.947],[6.348,-19.531]],"c":true},"ix":2},"nm":"4","mn":"ADBE Vector Shape - Group","hd":false},{"ind":1,"ty":"sh","ix":2,"ks":{"a":0,"k":{"i":[[0,0],[0,0],[0,0],[0,0]],"o":[[0,0],[0,0],[0,0],[0,0]],"v":[[36.963,0.049],[46.68,0.049],[46.68,-41.748],[36.963,-41.748]],"c":true},"ix":2},"nm":"4","mn":"ADBE Vector Shape - Group","hd":false}],"nm":"4","np":5,"cix":2,"bm":0,"ix":1,"mn":"ADBE Vector Group","hd":false}]},"fFamily":"Bahnschrift"},{"ch":"5","size":100,"style":"Regular","w":54.44,"data":{"shapes":[{"ty":"gr","it":[{"ind":0,"ty":"sh","ix":1,"ks":{"a":0,"k":{"i":[[-3.581,0],[-2.995,1.709],[-1.562,3.255],[0,4.59],[0,0],[1.514,3.255],[2.913,1.693],[4.102,0],[1.53,-0.553],[1.237,-1.009],[0,0],[0,0],[0,0],[0,0],[0,0],[0,0],[-1.595,0.977],[-1.726,0],[-1.742,-2.132],[0,-3.841],[0,0],[1.741,-2.132],[3.19,0],[1.725,1.449],[0.358,2.605],[0,0],[0,0],[0,0],[-1.742,-2.669],[-2.783,-1.399]],"o":[[4.199,0],[2.995,-1.709],[1.562,-3.255],[0,0],[0,-4.59],[-1.514,-3.255],[-2.914,-1.692],[-1.595,0],[-1.53,0.554],[0,0],[0,0],[0,0],[0,0],[0,0],[0,0],[1.204,-1.758],[1.595,-0.977],[3.19,0],[1.741,2.132],[0,0],[0,3.874],[-1.742,2.132],[-2.767,0],[-1.726,-1.448],[0,0],[0,0],[0,0],[0.586,3.744],[1.741,2.67],[2.783,1.399]],"v":[[27.148,0.732],[37.939,-1.831],[44.775,-9.277],[47.119,-21.045],[47.119,-27.002],[44.849,-38.77],[38.208,-46.191],[27.686,-48.73],[22.998,-47.9],[18.848,-45.557],[18.848,-61.523],[45.068,-61.523],[45.068,-70.996],[8.887,-70.996],[8.887,-33.594],[17.969,-33.594],[22.168,-37.695],[27.148,-39.16],[34.546,-35.962],[37.158,-27.002],[37.158,-21.045],[34.546,-12.036],[27.148,-8.838],[20.41,-11.011],[17.285,-17.09],[17.285,-17.139],[7.324,-17.139],[7.324,-17.09],[10.815,-7.471],[17.603,-1.367]],"c":true},"ix":2},"nm":"5","mn":"ADBE Vector Shape - Group","hd":false}],"nm":"5","np":3,"cix":2,"bm":0,"ix":1,"mn":"ADBE Vector Group","hd":false}]},"fFamily":"Bahnschrift"},{"ch":"6","size":100,"style":"Regular","w":51.32,"data":{"shapes":[{"ty":"gr","it":[{"ind":0,"ty":"sh","ix":1,"ks":{"a":0,"k":{"i":[[-4.167,0],[-2.979,1.693],[-1.546,3.255],[0,4.558],[0,0],[1.367,3.174],[2.637,1.66],[3.678,0],[1.562,-0.846],[0.813,-1.53],[0,0],[0,0],[0,0],[0,0],[0.227,-0.471],[0.195,-0.488],[0.618,-2.897],[0,-2.637],[0,0],[-1.546,-3.206],[-2.962,-1.676]],"o":[[4.166,0],[2.979,-1.692],[1.546,-3.255],[0,0],[0,-4.459],[-1.367,-3.174],[-2.637,-1.66],[-2.084,0],[-1.562,0.847],[0,0],[0,0],[0,0],[0,0],[-0.228,0.456],[-0.228,0.472],[-1.172,2.8],[-0.619,2.898],[0,0],[0,4.525],[1.546,3.207],[2.962,1.677]],"v":[[25.635,0.732],[36.353,-1.807],[43.14,-9.229],[45.459,-20.947],[45.459,-20.996],[43.408,-32.446],[37.402,-39.697],[27.93,-42.188],[22.461,-40.918],[18.896,-37.354],[18.848,-35.596],[36.963,-70.996],[26.221,-70.996],[10.791,-40.43],[10.107,-39.038],[9.473,-37.598],[6.787,-29.053],[5.859,-20.752],[5.859,-20.703],[8.179,-9.106],[14.941,-1.782]],"c":true},"ix":2},"nm":"6","mn":"ADBE Vector Shape - Group","hd":false},{"ind":1,"ty":"sh","ix":2,"ks":{"a":0,"k":{"i":[[3.157,0],[1.709,1.937],[0,3.613],[0,0],[-1.628,2.181],[-2.962,0],[-1.791,-2.164],[0,-3.971],[0,0],[1.709,-1.953]],"o":[[-3.125,0],[-1.709,-1.936],[0,0],[0,-3.971],[1.627,-2.18],[3.32,0],[1.79,2.165],[0,0],[0,3.613],[-1.709,1.953]],"v":[[25.635,-8.838],[18.384,-11.743],[15.82,-20.068],[15.82,-20.117],[18.262,-29.346],[25.146,-32.617],[32.812,-29.37],[35.498,-20.166],[35.498,-20.117],[32.935,-11.768]],"c":true},"ix":2},"nm":"6","mn":"ADBE Vector Shape - Group","hd":false}],"nm":"6","np":5,"cix":2,"bm":0,"ix":1,"mn":"ADBE Vector Group","hd":false}]},"fFamily":"Bahnschrift"},{"ch":"7","size":100,"style":"Regular","w":50.34,"data":{"shapes":[{"ty":"gr","it":[{"ind":0,"ty":"sh","ix":1,"ks":{"a":0,"k":{"i":[[0,0],[0,0],[0,0],[0,0],[0,0],[0,0],[0,0],[0,0],[0,0]],"o":[[0,0],[0,0],[0,0],[0,0],[0,0],[0,0],[0,0],[0,0],[0,0]],"v":[[43.994,-70.996],[5.371,-70.996],[5.371,-51.318],[15.332,-51.318],[15.332,-61.523],[33.398,-61.523],[15.039,0],[25.635,0],[43.994,-62.109]],"c":true},"ix":2},"nm":"7","mn":"ADBE Vector Shape - Group","hd":false}],"nm":"7","np":3,"cix":2,"bm":0,"ix":1,"mn":"ADBE Vector Group","hd":false}]},"fFamily":"Bahnschrift"},{"ch":"8","size":100,"style":"Regular","w":56.25,"data":{"shapes":[{"ty":"gr","it":[{"ind":0,"ty":"sh","ix":1,"ks":{"a":0,"k":{"i":[[-4.297,0],[-3.255,1.628],[-1.775,2.979],[0,3.939],[0,0],[1.807,3.109],[2.995,1.628],[-1.546,2.572],[0,2.93],[0,0],[1.66,2.816],[3.027,1.546],[4.004,0],[3.027,-1.546],[1.66,-2.815],[0,-3.711],[0,0],[-1.514,-2.588],[-2.507,-1.367],[1.774,-3.125],[0,-3.548],[0,0],[-1.775,-2.979],[-3.255,-1.627]],"o":[[4.297,0],[3.255,-1.627],[1.774,-2.979],[0,0],[0,-3.548],[-1.807,-3.108],[2.539,-1.334],[1.546,-2.571],[0,0],[0,-3.711],[-1.66,-2.815],[-3.027,-1.546],[-4.004,0],[-3.027,1.546],[-1.66,2.816],[0,0],[0,2.865],[1.514,2.588],[-2.962,1.595],[-1.775,3.125],[0,0],[0,3.939],[1.774,2.979],[3.255,1.628]],"v":[[28.125,0.732],[39.453,-1.709],[46.997,-8.618],[49.658,-18.994],[49.658,-20.166],[46.948,-30.151],[39.746,-37.256],[45.874,-43.115],[48.193,-51.367],[48.193,-53.076],[45.703,-62.866],[38.672,-69.409],[28.125,-71.729],[17.578,-69.409],[10.547,-62.866],[8.057,-53.076],[8.057,-51.367],[10.327,-43.188],[16.357,-37.256],[9.253,-30.176],[6.592,-20.166],[6.592,-18.994],[9.253,-8.618],[16.797,-1.709]],"c":true},"ix":2},"nm":"8","mn":"ADBE Vector Shape - Group","hd":false},{"ind":1,"ty":"sh","ix":2,"ks":{"a":0,"k":{"i":[[2.311,0],[1.758,0.896],[0.96,1.628],[0,2.148],[0,0],[-0.961,1.66],[-1.758,0.912],[-2.312,0],[-1.758,-0.911],[-0.961,-1.643],[0,-2.18],[0,0],[0.96,-1.643],[1.758,-0.911]],"o":[[-2.312,0],[-1.758,-0.895],[-0.961,-1.627],[0,0],[0,-2.18],[0.96,-1.66],[1.758,-0.911],[2.311,0],[1.758,0.912],[0.96,1.644],[0,0],[0,2.148],[-0.961,1.644],[-1.758,0.912]],"v":[[28.125,-8.838],[22.021,-10.181],[17.944,-13.965],[16.504,-19.629],[16.504,-20.361],[17.944,-26.123],[22.021,-29.98],[28.125,-31.348],[34.229,-29.98],[38.306,-26.147],[39.746,-20.41],[39.746,-19.727],[38.306,-14.038],[34.229,-10.205]],"c":true},"ix":2},"nm":"8","mn":"ADBE Vector Shape - Group","hd":false},{"ind":2,"ty":"sh","ix":3,"ks":{"a":0,"k":{"i":[[1.985,0],[1.53,0.863],[0.846,1.579],[0,2.051],[0,0],[-0.847,1.53],[-1.53,0.83],[-1.986,0],[-1.53,-0.83],[-0.847,-1.53],[0,-1.985],[0,0],[0.846,-1.595],[1.53,-0.862]],"o":[[-1.986,0],[-1.53,-0.862],[-0.847,-1.579],[0,0],[0,-2.018],[0.846,-1.53],[1.53,-0.83],[1.985,0],[1.53,0.83],[0.846,1.53],[0,0],[0,2.084],[-0.847,1.595],[-1.53,0.863]],"v":[[28.125,-40.918],[22.852,-42.212],[19.287,-45.874],[18.018,-51.318],[18.018,-52.051],[19.287,-57.373],[22.852,-60.913],[28.125,-62.158],[33.398,-60.913],[36.963,-57.373],[38.232,-52.1],[38.232,-51.416],[36.963,-45.898],[33.398,-42.212]],"c":true},"ix":2},"nm":"8","mn":"ADBE Vector Shape - Group","hd":false}],"nm":"8","np":6,"cix":2,"bm":0,"ix":1,"mn":"ADBE Vector Group","hd":false}]},"fFamily":"Bahnschrift"},{"ch":"9","size":100,"style":"Regular","w":51.32,"data":{"shapes":[{"ty":"gr","it":[{"ind":0,"ty":"sh","ix":1,"ks":{"a":0,"k":{"i":[[0,0],[0,0],[0,0],[-0.195,0.439],[-0.195,0.423],[-0.652,2.881],[0,2.539],[0,0],[1.546,3.288],[2.962,1.726],[4.166,0],[2.979,-1.692],[1.546,-3.255],[0,-4.59],[0,0],[-1.416,-3.141],[-2.572,-1.725],[-3.386,0],[-1.644,0.7],[-0.814,1.498],[0,0]],"o":[[0,0],[0,0],[0.227,-0.423],[0.195,-0.439],[1.204,-2.832],[0.651,-2.881],[0,0],[0,-4.622],[-1.546,-3.288],[-2.962,-1.725],[-4.167,0],[-2.979,1.693],[-1.546,3.255],[0,0],[0,4.134],[1.416,3.142],[2.571,1.726],[2.246,0],[1.643,-0.7],[0,0],[0,0]],"v":[[14.6,0],[25.342,0],[40.479,-30.42],[41.113,-31.714],[41.699,-33.008],[44.482,-41.577],[45.459,-49.707],[45.459,-49.756],[43.14,-61.621],[36.377,-69.141],[25.684,-71.729],[14.966,-69.189],[8.179,-61.768],[5.859,-50],[5.859,-49.951],[7.983,-39.038],[13.965,-31.738],[22.9,-29.15],[28.735,-30.2],[32.422,-33.496],[32.471,-35.254]],"c":true},"ix":2},"nm":"9","mn":"ADBE Vector Shape - Group","hd":false},{"ind":1,"ty":"sh","ix":2,"ks":{"a":0,"k":{"i":[[3.125,0],[1.709,2.1],[0,3.841],[0,0],[-1.709,2.051],[-3.158,0],[-1.709,-2.051],[0,-3.743],[0,0],[1.709,-2.116]],"o":[[-3.158,0],[-1.709,-2.1],[0,0],[0,-3.776],[1.709,-2.051],[3.125,0],[1.709,2.051],[0,0],[0,3.841],[-1.709,2.116]],"v":[[25.684,-38.232],[18.384,-41.382],[15.82,-50.293],[15.82,-50.342],[18.384,-59.082],[25.684,-62.158],[32.935,-59.082],[35.498,-50.391],[35.498,-50.342],[32.935,-41.406]],"c":true},"ix":2},"nm":"9","mn":"ADBE Vector Shape - Group","hd":false}],"nm":"9","np":5,"cix":2,"bm":0,"ix":1,"mn":"ADBE Vector Group","hd":false}]},"fFamily":"Bahnschrift"}]}