{
  "project_info": {
    "project_number": "471330638679",
    "project_id": "rclg-4f10f",
    "storage_bucket": "rclg-4f10f.appspot.com"
  },
  "client": [
    {
      "client_info": {
        "mobilesdk_app_id": "1:471330638679:android:20518b21b4de3f26ec8c12",
        "android_client_info": {
          "package_name": "com.nisha.rca"
        }
      },
      "oauth_client": [
        {
          "client_id": "471330638679-m0fqe76p4mr832eq8ii9g3qsa7cd1bmp.apps.googleusercontent.com",
          "client_type": 3
        }
      ],
      "api_key": [
        {
          "current_key": "AIzaSyDaLTNDGjnx6Nvx9USUjnkEjOiZJ8GgJjE"
        }
      ],
      "services": {
        "appinvite_service": {
          "other_platform_oauth_client": [
            {
              "client_id": "471330638679-m0fqe76p4mr832eq8ii9g3qsa7cd1bmp.apps.googleusercontent.com",
              "client_type": 3
            }
          ]
        }
      }
    }
  ],
  "configuration_version": "1"
}